Method,Path,Auth Needed?,Takes URL/Param?,Returns User Data?
GET,/api/[...notfound],No,No,No
POST/OPTIONS,/api/a2a,No,No,Yes
GET/POST/OPTIONS,/api/agent-auth,No,No,Yes
GET/POST/OPTIONS,/api/analytics-health,No,No,No
GET/POST/OPTIONS,/api/ask,No,Yes,Yes
GET,/api/aviation/v1/[rpc],No,No,No
GET,/api/batch/v1/[rpc],No,No,No
GET/OPTIONS,/api/bootstrap,Yes,Yes,Yes
GET/POST/OPTIONS,/api/brief/[userId]/[issueDate],No,Yes,Yes
GET/OPTIONS,/api/brief/carousel/[userId]/[issueDate]/[page],No,Yes,Yes
GET/OPTIONS,/api/brief/public/[hash],No,Yes,Yes
POST/OPTIONS,/api/brief/share-url,Yes,Yes,Yes
POST/OPTIONS,/api/cache-purge,Yes,Yes,Yes
POST/OPTIONS,/api/chat-analyst,Yes,Yes,Yes
GET,/api/climate/v1/[rpc],No,No,No
GET,/api/conflict/v1/[rpc],No,No,No
GET,/api/consumer-prices/v1/[rpc],No,No,No
GET/OPTIONS,/api/correlation-runtime-mode,No,No,No
POST/OPTIONS,/api/create-checkout,Yes,Yes,Yes
POST/OPTIONS,/api/customer-portal,Yes,No,Yes
GET,/api/cyber/v1/[rpc],No,No,No
GET/POST,/api/discord/oauth/callback,No,Yes,Yes
POST/OPTIONS,/api/discord/oauth/start,Yes,Yes,Yes
GET,/api/displacement/v1/[rpc],No,No,No
GET/POST/DELETE/OPTIONS,/api/docs-mcp,No,No,Yes
GET,/api/download,No,Yes,No
GET,/api/economic/v1/[rpc],No,No,No
GET/OPTIONS,/api/embed/entitlement,No,Yes,Yes
GET/OPTIONS,/api/embed/map-frame,No,Yes,Yes
POST/OPTIONS,/api/embed/session,No,Yes,Yes
GET,/api/forecast/v1/[rpc],No,No,No
GET,/api/fwdstart,No,Yes,No
GET,/api/geo,No,No,No
GET,/api/giving/v1/[rpc],No,No,No
GET/OPTIONS,/api/gpsjam,No,No,No
GET/POST/OPTIONS,/api/health,Yes,Yes,Yes
GET,/api/health/v1/[rpc],No,No,No
GET,/api/http-message-signatures-directory,No,Yes,No
GET,/api/imagery/v1/[rpc],No,No,No
GET,/api/infrastructure/v1/[rpc],No,No,No
GET,/api/intelligence/v1/[rpc],No,No,No
POST,/api/internal/brief-why-matters,Yes,No,Yes
GET,/api/internal/mcp-grant-context,No,Yes,Yes
GET/POST,/api/internal/mcp-grant-mint,No,Yes,Yes
POST/OPTIONS,/api/invalidate-user-api-key-cache,Yes,Yes,Yes
GET/OPTIONS,/api/latest-brief,Yes,Yes,Yes
GET,/api/leads/v1/[rpc],No,No,No
GET,/api/maritime/v1/[rpc],No,No,No
GET,/api/market/v1/[rpc],No,No,No
GET,/api/mcp,No,No,No
GET/POST/OPTIONS,/api/mcp-proxy,Yes,Yes,Yes
GET,/api/mcp/auth,No,Yes,Yes
GET,/api/mcp/billing-denial,No,No,No
POST,/api/mcp/body-limits,No,No,No
GET,/api/mcp/bounded-body,No,No,Yes
GET,/api/mcp/bounded-json,No,No,No
GET,/api/mcp/constants,No,No,Yes
GET,/api/mcp/dispatch,No,Yes,Yes
GET,/api/mcp/downstream,No,Yes,Yes
GET,/api/mcp/error-fingerprint,No,No,No
GET,/api/mcp/filters,No,No,Yes
GET,/api/mcp/free-account-allowance,No,No,Yes
GET,/api/mcp/freshness,No,No,No
GET/POST/OPTIONS,/api/mcp/handler,No,Yes,Yes
GET,/api/mcp/jmespath,No,No,Yes
GET,/api/mcp/prompts/index,No,No,Yes
GET,/api/mcp/quota,No,No,Yes
GET,/api/mcp/registry/analysis-tools,No,No,Yes
GET,/api/mcp/registry/cache-tools,No,Yes,Yes
GET,/api/mcp/registry/company-intel-tools,No,Yes,No
GET,/api/mcp/registry/index,No,No,Yes
GET,/api/mcp/registry/nlp-tools,No,Yes,Yes
GET/POST,/api/mcp/registry/rpc-tools,No,Yes,Yes
GET,/api/mcp/registry/source-tools,No,No,No
GET,/api/mcp/resources/index,No,No,Yes
GET,/api/mcp/resources/slugs,No,No,No
GET,/api/mcp/rpc,No,No,No
GET/POST,/api/mcp/skill-extension/generated,No,Yes,No
GET,/api/mcp/skill-extension/index,No,No,No
GET,/api/mcp/source-unavailable,No,No,No
GET,/api/mcp/structured-content,No,No,No
GET,/api/mcp/telemetry,No,No,Yes
GET/POST,/api/mcp/types,No,No,Yes
GET,/api/mcp/ui/chokepoint-monitor-app,No,No,No
GET,/api/mcp/ui/conflict-events-app,No,No,No
GET,/api/mcp/ui/country-brief-app,No,Yes,No
GET,/api/mcp/ui/country-risk-app,No,No,No
GET,/api/mcp/ui/forecasts-app,No,No,No
GET,/api/mcp/ui/market-radar-app,No,No,No
GET,/api/mcp/ui/natural-disasters-app,No,No,No
GET,/api/mcp/ui/news-intelligence-app,No,No,No
GET,/api/mcp/ui/prediction-markets-app,No,No,No
GET,/api/mcp/ui/registry,No,No,No
GET,/api/mcp/ui/shell,No,No,Yes
GET,/api/mcp/ui/world-brief-app,No,Yes,No
GET,/api/mcp/upgrade,No,No,Yes
GET,/api/mcp/upgrade-constants,No,No,Yes
GET/POST/OPTIONS,/api/mcp/usage,No,Yes,Yes
GET,/api/mcp/utils,No,No,Yes
GET,/api/md-twin,No,Yes,No
GET/OPTIONS,/api/me/entitlement,Yes,No,Yes
GET,/api/military/v1/[rpc],No,No,No
GET,/api/natural/v1/[rpc],No,No,No
GET,/api/news/v1/[rpc],No,No,No
GET/POST/OPTIONS,/api/not-found,No,Yes,No
GET/POST/OPTIONS,/api/notification-channels,Yes,Yes,Yes
GET/POST/OPTIONS,/api/notification-suppressions,No,Yes,Yes
POST/OPTIONS,/api/notify,Yes,Yes,Yes
GET,/api/oauth-authorization-server,No,No,Yes
GET,/api/oauth-protected-resource,No,Yes,No
GET/POST/OPTIONS,/api/oauth/authorize,No,Yes,Yes
GET/POST,/api/oauth/authorize-pro,No,Yes,Yes
POST/OPTIONS,/api/oauth/register,No,Yes,Yes
POST/OPTIONS,/api/oauth/token,No,Yes,Yes
GET,/api/og-story,No,Yes,No
GET/OPTIONS,/api/opensky,Yes,No,No
GET/OPTIONS,/api/oref-alerts,No,Yes,No
GET,/api/polymarket,No,Yes,No
GET,/api/positive-events/v1/[rpc],No,No,No
GET,/api/prediction/v1/[rpc],No,No,No
GET/POST/DELETE/OPTIONS,/api/product-catalog,Yes,No,No
GET,/api/radiation/v1/[rpc],No,No,No
GET/POST/OPTIONS,/api/referral/me,Yes,No,Yes
GET,/api/research/v1/[rpc],No,No,No
GET,/api/resilience/v1/[rpc],No,No,No
OPTIONS,/api/reverse-geocode,No,Yes,No
GET/OPTIONS,/api/rss-proxy,Yes,Yes,No
GET,/api/safety/v1/[rpc],No,No,No
GET,/api/sanctions/v1/[rpc],No,No,No
GET,/api/scenario/v1/[rpc],No,No,No
GET,/api/scenario/v1/run,No,No,No
GET,/api/scenario/v1/status,No,No,No
GET,/api/scenario/v1/templates,No,No,No
GET,/api/scorecard/v1/[rpc],No,No,No
POST/OPTIONS,/api/security/report,No,Yes,No
OPTIONS,/api/seed-contract-probe,Yes,Yes,Yes
GET/OPTIONS,/api/seed-health,Yes,Yes,No
GET,/api/seismology/v1/[rpc],No,No,No
POST/OPTIONS,/api/skills/fetch-agentskills,No,Yes,Yes
GET/POST,/api/slack/oauth/callback,No,Yes,Yes
POST/OPTIONS,/api/slack/oauth/start,Yes,Yes,Yes
GET,/api/story,No,Yes,No
GET/OPTIONS,/api/supply-chain/hormuz-tracker,No,No,No
GET,/api/supply-chain/v1/[rpc],No,No,No
GET,/api/supply-chain/v1/country-products,No,No,No
GET,/api/supply-chain/v1/multi-sector-cost-shock,No,No,No
GET/OPTIONS,/api/symbol-search,Yes,Yes,Yes
GET/POST/OPTIONS,/api/telegram-feed,Yes,Yes,Yes
GET,/api/thermal/v1/[rpc],No,No,No
GET,/api/trade/v1/[rpc],No,No,No
GET,/api/unrest/v1/[rpc],No,No,No
GET/POST/OPTIONS,/api/user-prefs,Yes,Yes,Yes
GET/OPTIONS,/api/user/mcp-quota,No,Yes,Yes
POST/OPTIONS,/api/user/mcp-revoke,No,Yes,Yes
POST/OPTIONS,/api/user/passkey-offer,No,No,Yes
GET,/api/v2/shipping/[rpc],No,No,No
GET/OPTIONS,/api/v2/shipping/webhooks/[subscriberId],Yes,Yes,No
POST/OPTIONS,/api/v2/shipping/webhooks/[subscriberId]/[action],Yes,Yes,No
GET,/api/version,No,Yes,No
GET,/api/webcam/v1/[rpc],No,No,No
GET/POST/OPTIONS,/api/widget-agent,Yes,Yes,Yes
GET,/api/wildfire/v1/[rpc],No,No,No
POST/OPTIONS,/api/wm-session,No,Yes,Yes
GET/OPTIONS,/api/x-feed,Yes,Yes,Yes
GET,/api/youtube/embed,No,Yes,Yes
OPTIONS,/api/youtube/live,No,Yes,No
